[{"key":"Ctrl-Alt-Up","description":"Add cursor above","command":"Add cursor above","keyElements":["􀆍","􀆖","↑"]},{"key":"Ctrl-Alt-Shift-Up","description":"Add cursor above (skip current)","command":"Add cursor above (skip current)","keyElements":["􀆍","􀆖","􀆝","↑"]},{"key":"Ctrl-Alt-Down","description":"Add cursor below","command":"Add cursor below","keyElements":["􀆍","􀆖","↓"]},{"key":"Ctrl-Alt-Shift-Down","description":"Add cursor below (skip current)","command":"Add cursor below (skip current)","keyElements":["􀆍","􀆖","􀆝","↓"]},{"key":"Ctrl-Alt-A","description":"Align cursors","command":"Align cursors","keyElements":["􀆍","􀆖","A"]},{"key":"Ctrl-Backspace|Shift-Backspace|Backspace|Ctrl-H","description":"Backspace","command":"Backspace","keyElements":["􀆍","􀆛"]},{"key":"Ctrl-]","description":"Block indent","command":"Block indent","keyElements":["􀆍","]"]},{"key":"Ctrl-[","description":"Block outdent","command":"Block outdent","keyElements":["􀆍","["]},{"key":"Ctrl-L","description":"Center selection","command":"Center selection","keyElements":["􀆍","L"]},{"key":"Cmd-Alt-Down","description":"Copy lines down","command":"Copy lines down","keyElements":["􀆔","􀆖","↓"]},{"key":"Cmd-Alt-Up","description":"Copy lines up","command":"Copy lines up","keyElements":["􀆔","􀆖","↑"]},{"key":"Cmd--","description":"Decrease font size","command":"Decrease font size","keyElements":["􀆔","",""]},{"key":"Delete|Ctrl-D|Shift-Delete","description":"Delete","command":"Delete","keyElements":["􀆗"]},{"key":"Cmd-Shift-D","description":"Duplicate selection","command":"Duplicate selection","keyElements":["􀆔","􀆝","D"]},{"key":"Cmd-Shift-L","description":"Expand to line","command":"Expand to line","keyElements":["􀆔","􀆝","L"]},{"key":"Ctrl-Shift-M","description":"Expand to matching","command":"Expand to matching","keyElements":["􀆍","􀆝","M"]},{"key":"Cmd-F","description":"Find","command":"Find","keyElements":["􀆔","F"]},{"key":"Cmd-G","description":"Find next","command":"Find next","keyElements":["􀆔","G"]},{"key":"Cmd-Shift-G","description":"Find previous","command":"Find previous","keyElements":["􀆔","􀆝","G"]},{"key":"Cmd-Ctrl-Alt-0","description":"Fold all","command":"Fold all","keyElements":["􀆔","􀆍","􀆖","0"]},{"key":"Cmd-Ctrl-Alt-0","description":"Fold all comments","command":"Fold all comments","keyElements":["􀆔","􀆍","􀆖","0"]},{"key":"Cmd-Alt-0","description":"Fold other","command":"Fold other","keyElements":["􀆔","􀆖","0"]},{"key":"Down|Ctrl-N","description":"Go line down","command":"Go line down","keyElements":["↓"]},{"key":"Up|Ctrl-P","description":"Go line up","command":"Go line up","keyElements":["↑"]},{"key":"Cmd-End|Cmd-Down","description":"Go to end","command":"Go to end","keyElements":["􀆔","↘"]},{"key":"Left|Ctrl-B","description":"Go to left","command":"Go to left","keyElements":["←"]},{"key":"Cmd-Right|End|Ctrl-E","description":"Go to line end","command":"Go to line end","keyElements":["􀆔","→"]},{"key":"Cmd-Left|Home|Ctrl-A","description":"Go to line start","command":"Go to line start","keyElements":["􀆔","←"]},{"key":"Cmd-L","description":"Go to line...","command":"Go to line...","keyElements":["􀆔","L"]},{"key":"Pagedown|Ctrl-V","description":"Go to page down","command":"Go to page down","keyElements":["⇟"]},{"key":"Pageup","description":"Go to page up","command":"Go to page up","keyElements":["⇞"]},{"key":"Right|Ctrl-F","description":"Go to right","command":"Go to right","keyElements":["→"]},{"key":"Cmd-Home|Cmd-Up","description":"Go to start","command":"Go to start","keyElements":["􀆔","↖"]},{"key":"Alt-Left","description":"Go to word left","command":"Go to word left","keyElements":["􀆖","←"]},{"key":"Alt-Right","description":"Go to word right","command":"Go to word right","keyElements":["􀆖","→"]},{"key":"Cmd-=","description":"Increase font size","command":"Increase font size","keyElements":["􀆔","="]},{"key":"Tab","description":"Indent","command":"Indent","keyElements":["⇥"]},{"key":"Cmd-\\","description":"Jump to matching","command":"Jump to matching","keyElements":["􀆔","\\"]},{"key":"Alt-Down","description":"Move lines down","command":"Move lines down","keyElements":["􀆖","↓"]},{"key":"Alt-Up","description":"Move lines up","command":"Move lines up","keyElements":["􀆖","↑"]},{"key":"F1","description":"Open command pallete","command":"Open command pallete","keyElements":["F1"]},{"key":"Shift-Tab","description":"Outdent","command":"Outdent","keyElements":["􀆝","⇥"]},{"key":"Insert","description":"Overwrite","command":"Overwrite","keyElements":["⎀"]},{"key":"Alt-Pagedown","description":"Page down","command":"Page down","keyElements":["􀆖","⇟"]},{"key":"Alt-Pageup","description":"Page up","command":"Page up","keyElements":["􀆖","⇞"]},{"key":"Cmd-Shift-Z|Cmd-Y","description":"Redo","command":"Redo","keyElements":["􀆔","􀆝","Z"]},{"key":"Cmd-D","description":"Remove line","command":"Remove line","keyElements":["􀆔","D"]},{"key":"Ctrl-K|Cmd-Delete","description":"Remove to line end","command":"Remove to line end","keyElements":["􀆍","K"]},{"key":"Cmd-Backspace","description":"Remove to line start","command":"Remove to line start","keyElements":["􀆔","􀆛"]},{"key":"Alt-Backspace|Ctrl-Alt-Backspace","description":"Remove word left","command":"Remove word left","keyElements":["􀆖","􀆛"]},{"key":"Alt-Delete","description":"Remove word right","command":"Remove word right","keyElements":["􀆖","􀆗"]},{"key":"Cmd-Alt-F","description":"Replace","command":"Replace","keyElements":["􀆔","􀆖","F"]},{"key":"Cmd-A","description":"Select all","command":"Select all","keyElements":["􀆔","A"]},{"key":"Shift-Down|Ctrl-Shift-N","description":"Select down","command":"Select down","keyElements":["􀆝","↓"]},{"key":"Shift-Left|Ctrl-Shift-B","description":"Select left","command":"Select left","keyElements":["􀆝","←"]},{"key":"Shift-End","description":"Select line end","command":"Select line end","keyElements":["􀆝","↘"]},{"key":"Shift-Home","description":"Select line start","command":"Select line start","keyElements":["􀆝","↖"]},{"key":"Ctrl-Alt-Right","description":"Select more after","command":"Select more after","keyElements":["􀆍","􀆖","→"]},{"key":"Ctrl-Alt-Left","description":"Select more before","command":"Select more before","keyElements":["􀆍","􀆖","←"]},{"key":"Ctrl-Alt-Shift-Right","description":"Select next after","command":"Select next after","keyElements":["􀆍","􀆖","􀆝","→"]},{"key":"Ctrl-Alt-Shift-Left","description":"Select next before","command":"Select next before","keyElements":["􀆍","􀆖","􀆝","←"]},{"key":"Ctrl-G","description":"Select or find next","command":"Select or find next","keyElements":["􀆍","G"]},{"key":"Ctrl-Shift-G","description":"Select or find previous","command":"Select or find previous","keyElements":["􀆍","􀆝","G"]},{"key":"Shift-Pagedown","description":"Select page down","command":"Select page down","keyElements":["􀆝","⇟"]},{"key":"Shift-Pageup","description":"Select page up","command":"Select page up","keyElements":["􀆝","⇞"]},{"key":"Shift-Right","description":"Select right","command":"Select right","keyElements":["􀆝","→"]},{"key":"Cmd-Shift-End|Cmd-Shift-Down","description":"Select to end","command":"Select to end","keyElements":["􀆔","􀆝","↘"]},{"key":"Cmd-Shift-Right|Shift-End|Ctrl-Shift-E","description":"Select to line end","command":"Select to line end","keyElements":["􀆔","􀆝","→"]},{"key":"Cmd-Shift-Left|Ctrl-Shift-A","description":"Select to line start","command":"Select to line start","keyElements":["􀆔","􀆝","←"]},{"key":"Cmd-Shift-\\","description":"Select to matching","command":"Select to matching","keyElements":["􀆔","􀆝","\\"]},{"key":"Cmd-Shift-Home|Cmd-Shift-Up","description":"Select to start","command":"Select to start","keyElements":["􀆔","􀆝","↖"]},{"key":"Shift-Up|Ctrl-Shift-P","description":"Select up","command":"Select up","keyElements":["􀆝","↑"]},{"key":"Alt-Shift-Left","description":"Select word left","command":"Select word left","keyElements":["􀆖","􀆝","←"]},{"key":"Alt-Shift-Right","description":"Select word right","command":"Select word right","keyElements":["􀆖","􀆝","→"]},{"key":"Cmd-Alt-S","description":"Sort lines","command":"Sort lines","keyElements":["􀆔","􀆖","S"]},{"key":"Ctrl-Alt-L","description":"Split into lines","command":"Split into lines","keyElements":["􀆍","􀆖","L"]},{"key":"Ctrl-O","description":"Split line","command":"Split line","keyElements":["􀆍","O"]},{"key":"Ctrl-Shift-U","description":"To lowercase","command":"To lowercase","keyElements":["􀆍","􀆝","U"]},{"key":"Ctrl-U","description":"To uppercase","command":"To uppercase","keyElements":["􀆍","U"]},{"key":"Cmd-Shift-\/","description":"Toggle block comment","command":"Toggle block comment","keyElements":["􀆔","􀆝","\/"]},{"key":"Ctrl-T","description":"Transpose letters","command":"Transpose letters","keyElements":["􀆍","T"]},{"key":"Cmd-Z","description":"Undo","command":"Undo","keyElements":["􀆔","Z"]},{"key":"Cmd-Alt-Shift-0","description":"Unfold all","command":"Unfold all","keyElements":["􀆔","􀆖","􀆝","0"]},{"key":"Tab","description":"expandSnippet","command":"Expand Snippet","keyElements":["⇥"]},{"key":"Cmd-Alt-L|Cmd-F1","description":"fold","command":"Fold","keyElements":["􀆔","􀆖","L"]},{"key":"Cmd-S","description":"save","command":"Save","keyElements":["􀆔","S"]},{"key":"Cmd-,","description":"showSettings","command":"Show Settings","keyElements":["􀆔",","]},{"key":"Cmd-,","description":"showSettingsMenu","command":"Show Settings Menu","keyElements":["􀆔",","]},{"key":"Ctrl-Space|Ctrl-Shift-Space|Alt-Space","description":"startAutocomplete","command":"Start Autocomplete","keyElements":["􀆍","⎵"]},{"key":"F2","description":"toggleFoldWidget","command":"Toggle Fold Widget","keyElements":["F2"]},{"key":"Alt-F2","description":"toggleParentFoldWidget","command":"Toggle Parent Fold Widget","keyElements":["􀆖","F2"]},{"key":"Cmd-Alt-S","description":"toggleSidebar","command":"Toggle Sidebar","keyElements":["􀆔","􀆖","S"]},{"key":"Cmd-Alt-Shift-L|Cmd-Shift-F1","description":"unfold","command":"Unfold","keyElements":["􀆔","􀆖","􀆝","L"]}]